9788492836666;Fuerzas Del Consumo Y La Vida De Fe [Libro];https://static.clccolombia.com/_CLCColombia/images/products/original/12303.jpg
7707370900161;No tiene;No tiene
9781950417254;No tiene;No tiene
9781940009490;Que Es Una Iglesia Sana [Libro];https://static.clccolombia.com/_CLCColombia/images/products/original/19552.jpg
9780825412394;Entre la espada y la pared [Libro];https://static.clccolombia.com/_CLCColombia/images/products/original/10624.jpg
9780789918659;Bendiciones! Cuantas tienes ya! [Devocional];https://static.clccolombia.com/_CLCColombia/images/products/original/14053.jpg
9780789917362;La susurradora [Libro];https://static.clccolombia.com/_CLCColombia/images/products/original/14265.jpg
9780789918765;Un pueblo radical [Libro];https://static.clccolombia.com/_CLCColombia/images/products/original/14061.jpg
9781430031857;El desafo del amor para Padres [Libro];https://static.clccolombia.com/_CLCColombia/images/products/original/790.jpg
9781680436310;No tiene;No tiene
9788577421558;151 Ideas para educar a sus hijos [Bolsilibro];https://static.clccolombia.com/_CLCColombia/images/products/original/10204.jpg
9789875571716;La antorcha Y La Espada [Bolsilibro];https://static.clccolombia.com/_CLCColombia/images/products/original/3336.jpg
9781414354576;Biblia Cada Dia Es Bello;https://static.clccolombia.com/_CLCColombia/images/products/original/17161.jpg
9781643525075;No tiene;No tiene
9781683226901;Orar Los Nombres De Dios [Bolsilibro];https://static.clccolombia.com/_CLCColombia/images/products/original/36059.jpg
7709663523118;No tiene;No tiene
9780789918703;Probado por fuego [Libro];https://static.clccolombia.com/_CLCColombia/images/products/original/14057.jpg
9780829764703;Preguntas Provocativas Para Hacer Hablar Y Pensar A Los Adolescentes 02 [Bolsilibro];https://static.clccolombia.com/_CLCColombia/images/products/original/12880.jpg
7707281321826;No tiene;No tiene
9789589269109;No tiene;No tiene
7707370901007;No tiene;No tiene
9780311150533;La Reforma protestante [Libro];https://static.clccolombia.com/_CLCColombia/images/products/original/33395.jpg
7707370900628;No tiene;No tiene
7707177841186;No tiene;No tiene
9780311400904;Santuario del alma [Libro];https://static.clccolombia.com/_CLCColombia/images/products/original/15325.jpg
9781414337371;No tiene;No tiene
7707370900888;No tiene;No tiene
7707370900826;No tiene;No tiene
9780829758764;Padre Nuestro/Tapa Dura;https://static.clccolombia.com/_CLCColombia/images/products/original/16550.jpg
9780825459238;No tiene;No tiene
9788577421787;Hombres de oracin [Libro];https://static.clccolombia.com/_CLCColombia/images/products/original/9716.jpg
9781643525433;No tiene;No tiene
9780825416729;Pasion Por Las Almas;https://static.clccolombia.com/_CLCColombia/images/products/original/16624.jpg
9780825459191;No tiene;No tiene
9780825459245;No tiene;No tiene
7707177840776;No tiene;No tiene
9788476458464;La fe de Unamuno un camino entre la niebla [Libro];https://static.clccolombia.com/_CLCColombia/images/products/original/12485.jpg
7707370900710;No tiene;No tiene
9788482673776;Oracin que prevalece [Libro Bolsillo];https://static.clccolombia.com/_CLCColombia/images/products/original/12513.jpg
9789942856005;Promesas de Dios para nios como t [Libro];https://static.clccolombia.com/_CLCColombia/images/products/original/10234.jpg
7707281321802;No tiene;No tiene
